{
  "Ads": [
    {
      "select_main_ads": "ADMOB",
      "select_backup_ads":"ALIEN-V",
      "main_ads_banner": "ca-app-pub-4231529215115268/3874208276",
      "main_ads_intertitial":"ca-app-pub-4231529215115268/7799310726",
      "backup_ads_banner":"08e9a88b00b98dc3",
      "backup_ads_intertitial":"722791b8be89d915",
      "open_app_ads":"ca-app-pub-4231529215115268/3021626766",
      "interval_intertitial": 5,
      "initialize_sdk":"ca-app-pub-4231529215115268~2581894631",
      "initialize_sdk_backup_ads":"be9ac154-91a1-437b-a1ca-5b321129b398",
      "high_paying_keyword_1": "Insurance",
      "high_paying_keyword_2": "",
      "high_paying_keyword_3": "",
      "high_paying_keyword_4": "",
      "high_paying_keyword_5": "",
      "status_app": "0",
      "link_redirect": "https://"
    }
  ],
      "Category": [
    {
      "id_album": 1,
      "author": "Nancy Ajram",
      "album_name": "Top Album",
      "image_link": "file:///android_asset/image/nancy.jpg"
    },
    {
      "id_album": 2,
      "author": "Yara",
      "album_name": "Top Album Yara",
      "image_link": "file:///android_asset/image/Yara.jpg"
    },
    {
      "id_album": 3,
      "author": "Sherine",
      "album_name": "Top Album Sherine",
      "image_link": "file:///android_asset/image/Sherine.jpg"
    },
    {
      "id_album": 4,
      "author": "Assala",
      "album_name": "Top Album Assala",
      "image_link": "file:///android_asset/image/Assala.jpg"
    },
    {
      "id_album": 5,
      "author": "Elissa",
      "album_name": "Top Album Elissa",
      "image_link": "file:///android_asset/image/Elissa.jpg"
    },
    {
      "id_album": 6,
      "author": "Hamza Namira",
      "album_name": "Top Album Hamza Namira",
      "image_link": "https://soundcloud.com/hamzanamira"
    }
  ],
  "Data" : [
    {
      "id_audio": 1,
      "id_album": 1,
      "title" : "Alf Laila",
      "audio_file": "https://github.com/habibMP3/The-Dreamer-of-Arabian/blob/main/Nancy%20Ajram%20-%20Alf%20Laila%20O%20Laila.mp3",
      "lyrics": "<p>&nbsp;</p>\n<p style=\"text-align: justify;\">Ini adalah contoh text deskripsi/keterangan/lirik. Silahkan ubah dibagian <strong>audio.json-Data-Lyrics, </strong>bagian ini mendukung String atau format HTML.</p>"
    },
    {
      "id_audio": 2,
      "id_album": 1,
      "title" : "Ana Yalli Bahebak",
      "audio_file": "https://github.com/habibMP3/The-Dreamer-of-Arabian/blob/main/Nancy%20Ajram%20-%20Ana%20Yalli%20Bahebak.mp3",
      "lyrics": "<p>&nbsp;</p>\n<p style=\"text-align: justify;\">Ini adalah contoh text deskripsi/keterangan/lirik. Silahkan ubah dibagian <strong>audio.json-Data-Lyrics, </strong>bagian ini mendukung String atau format HTML.</p>"
    },
    {
      "id_audio": 3,
      "id_album": 1,
      "title" : "Enta Masry",
      "audio_file": "https://github.com/habibMP3/The-Dreamer-of-Arabian/blob/main/Nancy%20Ajram%20-%20Enta%20Masry.mp3",
      "lyrics": "<p>&nbsp;</p>\n<p style=\"text-align: justify;\">Ini adalah contoh text deskripsi/keterangan/lirik. Silahkan ubah dibagian <strong>audio.json-Data-Lyrics, </strong>bagian ini mendukung String atau format HTML.</p>"
    },
    {
      "id_audio": 4,
      "id_album": 1,
      "title" : "Fi Hagat",
      "audio_file": "https://github.com/habibMP3/The-Dreamer-of-Arabian/blob/main/Nancy%20Ajram%20-%20Fi%20Hagat.mp3",
      "lyrics": "<p>&nbsp;</p>\n<p style=\"text-align: justify;\">Ini adalah contoh text deskripsi/keterangan/lirik. Silahkan ubah dibagian <strong>audio.json-Data-Lyrics, </strong>bagian ini mendukung String atau format HTML.</p>"
    },
    {
      "id_audio": 5,
      "id_album": 1,
      "title" : "Fi Ih",
      "audio_file": "https://github.com/habibMP3/The-Dreamer-of-Arabian/blob/main/Nancy%20Ajram%20-%20Fi%20Ih.mp3",
      "lyrics": "<p>&nbsp;</p>\n<p style=\"text-align: justify;\">Ini adalah contoh text deskripsi/keterangan/lirik. Silahkan ubah dibagian <strong>audio.json-Data-Lyrics, </strong>bagian ini mendukung String atau format HTML.</p>"
    },
    {
      "id_audio": 6,
      "id_album": 1,
      "title" : "Hilmek",
      "audio_file": "https://github.com/habibMP3/The-Dreamer-of-Arabian/blob/main/Nancy%20Ajram%20-%20Hilmek%20Nancy.mp3",
      "lyrics": "<p>&nbsp;</p>\n<p style=\"text-align: justify;\">Ini adalah contoh text deskripsi/keterangan/lirik. Silahkan ubah dibagian <strong>audio.json-Data-Lyrics, </strong>bagian ini mendukung String atau format HTML.</p>"
    },
    {
      "id_audio": 7,
      "id_album": 1,
      "title" : "Kitir",
      "audio_file": "https://github.com/habibMP3/The-Dreamer-of-Arabian/blob/main/Nancy%20Ajram%20-%20Kitir.mp3",
      "lyrics": "<p>&nbsp;</p>\n<p style=\"text-align: justify;\">Ini adalah contoh text deskripsi/keterangan/lirik. Silahkan ubah dibagian <strong>audio.json-Data-Lyrics, </strong>bagian ini mendukung String atau format HTML.</p>"
    },
    {
      "id_audio": 8,
      "id_album": 2,
      "title" : "ma baaref",
      "audio_file": "https://github.com/habibMP3/The-Dreamer-of-Arabian/blob/main/yara%20-%20ma%20baaref%20.mp3",
      "lyrics": "<p>&nbsp;</p>\n<p style=\"text-align: justify;\">Ini adalah contoh text deskripsi/keterangan/lirik. Silahkan ubah dibagian <strong>audio.json-Data-Lyrics, </strong>bagian ini mendukung String atau format HTML.</p>"
    },
    {
      "id_audio": 9,
      "id_album": 2,
      "title" : "Track2",
      "audio_file": "https://github.com/habibMP3/The-Dreamer-of-Arabian/blob/main/%C3%98%C2%A7%C3%99%E2%80%9E%C3%99%C5%A0%20%C3%98%C2%AC%C3%98%C2%B0%C3%98%C2%A8%C3%99%E2%80%A0%C3%99%C5%A0%20%C3%99%E2%80%9E%C3%98_%C3%99%20%C3%98%C2%A8%C3%99%C6%92%20%C3%99%C5%A0%C3%98%C2%A7%20%C3%98%C2%A7%C3%99%E2%80%9E%C3%98_%C3%99%E2%80%9E%C3%99%CB%86%20%C3%99%E2%80%A0%C3%98%C2%B8%C3%98%C2%B1%C3%99%E2%80%A1..mp3",
      "lyrics": "<p>&nbsp;</p>\n<p style=\"text-align: justify;\">Ini adalah contoh text deskripsi/keterangan/lirik. Silahkan ubah dibagian <strong>audio.json-Data-Lyrics, </strong>bagian ini mendukung String atau format HTML.</p>"
    },
    {
      "id_audio": 10,
      "id_album": 2,
      "title" : "Track3",
      "audio_file": "https://github.com/habibMP3/The-Dreamer-of-Arabian/blob/main/%C3%98%C2%B9%C3%98%C2%AC%C3%98%C2%B2%C3%98%C2%AA%20%C3%98%C2%A3%C3%98%C2%BA%C3%99%20%C3%98%C2%B1.mp3",
      "lyrics": "<p>&nbsp;</p>\n<p style=\"text-align: justify;\">Ini adalah contoh text deskripsi/keterangan/lirik. Silahkan ubah dibagian <strong>audio.json-Data-Lyrics, </strong>bagian ini mendukung String atau format HTML.</p>"
    },
    {
      "id_audio": 11,
      "id_album": 2,
      "title" : "Track4",
      "audio_file": "https://github.com/habibMP3/The-Dreamer-of-Arabian/blob/main/%C3%99%C5%A0%C3%98%C2%A7%20%C3%98%C2%B4%C3%98%C2%AC%C3%99%CB%86%C3%99%E2%80%A0%20%C3%98%C2%A7%C3%99%E2%80%9E%C3%99%E2%80%9A%C3%99%E2%80%9E%C3%98%C2%A8%20%C3%99%E2%80%9E%C3%99%CB%86%20%C3%98%C2%AA%C3%98%C2%AF%C3%98%C2%B1%C3%99%C5%A0%C3%98%C5%92%20%C3%99%E2%80%A0%C3%98%C2%BA%C3%99%E2%80%A6%C3%98%C2%A9%20%C3%99%CB%86%C3%98%C2%AA%C3%98%C2%B1%20%C3%98%C2%B9%C3%99%20%C3%99%E2%80%A6%C3%98%C2%B1.mp3",
      "lyrics": "<p>&nbsp;</p>\n<p style=\"text-align: justify;\">Ini adalah contoh text deskripsi/keterangan/lirik. Silahkan ubah dibagian <strong>audio.json-Data-Lyrics, </strong>bagian ini mendukung String atau format HTML.</p>"
    },
    {
      "id_audio": 12,
      "id_album": 2,
      "title" : "Yara ma yhimmak",
      "audio_file": "https://github.com/habibMP3/The-Dreamer-of-Arabian/blob/main/%C3%99%C5%A0%C3%98%C2%A7%C3%98%C2%B1%C3%98%C2%A7%20%C3%99%E2%80%A6%C3%98%C2%A7%20%C3%99%C5%A0%C3%99%E2%80%A1%C3%99%E2%80%A6%C3%99%C6%92%20Yara%20ma%20yhimmak.mp3",
      "lyrics": "<p>&nbsp;</p>\n<p style=\"text-align: justify;\">Ini adalah contoh text deskripsi/keterangan/lirik. Silahkan ubah dibagian <strong>audio.json-Data-Lyrics, </strong>bagian ini mendukung String atau format HTML.</p>"
    },
    {
      "id_audio": 13,
      "id_album": 2,
      "title" : "Track6",
      "audio_file": "https://github.com/habibMP3/The-Dreamer-of-Arabian/blob/main/%C3%A2%E2%82%AC%C5%BD%C3%A2%20%C2%A8%C3%98%C2%A7%C3%99%E2%80%9D%C3%99%E2%80%A0%C3%98%C2%A7%20%C3%98%C2%A7%C3%99%E2%80%9C%C3%98%C2%B3%C3%99%20%C3%99%CB%86%C3%99%E2%80%9E%C3%99%CB%86%20%C3%98%C2%AA%C3%99%C6%92%C3%99%20%C3%99%C5%A0.mp3",
      "lyrics": "<p>&nbsp;</p>\n<p style=\"text-align: justify;\">Ini adalah contoh text deskripsi/keterangan/lirik. Silahkan ubah dibagian <strong>audio.json-Data-Lyrics, </strong>bagian ini mendukung String atau format HTML.</p>"
    },
    {
      "id_audio": 14,
      "id_album": 2,
      "title" : "Track7",
      "audio_file": "https://github.com/habibMP3/The-Dreamer-of-Arabian/blob/main/%C3%A2%E2%82%AC%C5%BD%C3%A2%20%C2%A8%C3%98%C2%AA%C3%98%C2%B9%C3%98%C2%A7%C3%99%E2%80%9E%20%C3%98%C2%A7%C3%99%E2%80%A0%C3%98%C2%B7%C3%99%C5%A0%C3%99%E2%80%A0%C3%99%C5%A0%20%C3%98_%C3%99%E2%80%A0%C3%99%C5%A0%C3%99%E2%80%A1%20%C3%98%C5%B8.mp3",
      "lyrics": "<p>&nbsp;</p>\n<p style=\"text-align: justify;\">Ini adalah contoh text deskripsi/keterangan/lirik. Silahkan ubah dibagian <strong>audio.json-Data-Lyrics, </strong>bagian ini mendukung String atau format HTML.</p>"
    },
    {
      "id_audio": 15,
      "id_album": 2,
      "title" : "Track8",
      "audio_file": "https://github.com/habibMP3/The-Dreamer-of-Arabian/blob/main/%C3%A2%E2%82%AC%C5%BD%C3%A2%20%C2%A8%C3%99%C5%A0%C3%98%C2%A7%20%C3%98%C2%A7%C3%99%CB%86%C3%99%E2%80%9E%20%C3%98_%C3%99%20%C3%98%C2%A8%20%C3%98_%C3%98%C2%A8%C3%99%C5%A0%C3%98%C2%AA%C3%99%20%C3%99%E2%80%A1.mp3",
      "lyrics": "<p>&nbsp;</p>\n<p style=\"text-align: justify;\">Ini adalah contoh text deskripsi/keterangan/lirik. Silahkan ubah dibagian <strong>audio.json-Data-Lyrics, </strong>bagian ini mendukung String atau format HTML.</p>"
    },
    {
      "id_audio": 16,
      "id_album": 1,
      "title" : "Inta Eyh",
      "audio_file": "https://github.com/habibMP3/The-Dreamer-of-Arabian/blob/main/%C3%A5%C6%92%20%C3%A3%20%C3%A3%E2%80%9A%C2%A2%C3%A3%C6%92%C2%AA%C3%B0%C5%B8%20%C5%93%C3%B0%C5%B8%20%C5%93%C3%B0%C5%B8%20%C5%93.mp3",
      "lyrics": "<p>&nbsp;</p>\n<p style=\"text-align: justify;\">Ini adalah contoh text deskripsi/keterangan/lirik. Silahkan ubah dibagian <strong>audio.json-Data-Lyrics, </strong>bagian ini mendukung String atau format HTML.</p>"
    },
    {
      "id_audio": 17,
      "id_album": 3,
      "title" : "We Bahleflak",
      "audio_file": "https://github.com/habibMP3/The-Dreamer-of-Arabian/blob/main/Sherine%20-%20We%20Bahleflak%20%C3%98%C2%B4%C3%99%C5%A0%C3%98%C2%B1%C3%99%C5%A0%C3%99%E2%80%A0%20-%20%C3%99%CB%86%C3%98%C2%A8%C3%98_%C3%99%E2%80%9E%C3%99%20%C3%99%E2%80%9E%C3%99%C6%92.mp3",
      "lyrics": "<p>&nbsp;</p>\n<p style=\"text-align: justify;\">Ini adalah contoh text deskripsi/keterangan/lirik. Silahkan ubah dibagian <strong>audio.json-Data-Lyrics, </strong>bagian ini mendukung String atau format HTML.</p>"
    },
    {
      "id_audio": 18,
      "id_album": 3,
      "title" : "Bahebak Menzaman",
      "audio_file": "https://github.com/habibMP3/The-Dreamer-of-Arabian/blob/main/%D8%A8%D8%AD%D8%A8%D9%83%20%D9%85%D9%86%20%D8%B2%D9%85%D8%A7%D9%86%20-%20%D8%B4%D9%8A%D8%B1%D9%8A%D9%86.mp3",
      "lyrics": "<p>&nbsp;</p>\n<p style=\"text-align: justify;\">Ini adalah contoh text deskripsi/keterangan/lirik. Silahkan ubah dibagian <strong>audio.json-Data-Lyrics, </strong>bagian ini mendukung String atau format HTML.</p>"
    },
    {
      "id_audio": 19,
      "id_album": 3,
      "title" : "Kadabeen",
      "audio_file": "https://github.com/habibMP3/The-Dreamer-of-Arabian/blob/main/%D9%83%D8%AF%D8%A7%D8%A8%D9%8A%D9%86%20-%20%D8%B4%D9%8A%D8%B1%D9%8A%D9%86.mp3",
      "lyrics": "<p>&nbsp;</p>\n<p style=\"text-align: justify;\">Ini adalah contoh text deskripsi/keterangan/lirik. Silahkan ubah dibagian <strong>audio.json-Data-Lyrics, </strong>bagian ini mendukung String atau format HTML.</p>"
    },
    {
      "id_audio": 20,
      "id_album": 3,
      "title" : "Kalam Eineh",
      "audio_file": "https://github.com/habibMP3/The-Dreamer-of-Arabian/blob/main/%D9%83%D9%84%D8%A7%D9%85%20%D8%B9%D9%8A%D9%86%D9%8A%D9%87%20-%20%D8%B4%D9%8A%D8%B1%D9%8A%D9%86.mp3",
      "lyrics": "<p>&nbsp;</p>\n<p style=\"text-align: justify;\">Ini adalah contoh text deskripsi/keterangan/lirik. Silahkan ubah dibagian <strong>audio.json-Data-Lyrics, </strong>bagian ini mendukung String atau format HTML.</p>"
    },
    {
      "id_audio": 21,
      "id_album": 4,
      "title" : "Sabb Farhety",
      "audio_file": "https://github.com/habibMP3/The-Dreamer-of-Arabian/blob/main/Assala%20%26%20Ahmed%20Saad%20-%20Sabb%20Farhety.mp3",
      "lyrics": "<p>&nbsp;</p>\n<p style=\"text-align: justify;\">Ini adalah contoh text deskripsi/keterangan/lirik. Silahkan ubah dibagian <strong>audio.json-Data-Lyrics, </strong>bagian ini mendukung String atau format HTML.</p>"
    },
    {
      "id_audio": 22,
      "id_album": 4,
      "title" : "Ashkorhom",
      "audio_file": "https://github.com/habibMP3/The-Dreamer-of-Arabian/blob/main/Assala%20-%20Ashkorhom.mp3",
      "lyrics": "<p>&nbsp;</p>\n<p style=\"text-align: justify;\">Ini adalah contoh text deskripsi/keterangan/lirik. Silahkan ubah dibagian <strong>audio.json-Data-Lyrics, </strong>bagian ini mendukung String atau format HTML.</p>"
    },
    {
      "id_audio": 23,
      "id_album": 4,
      "title" : "Atahmtak",
      "audio_file": "https://github.com/habibMP3/The-Dreamer-of-Arabian/blob/main/Assala%20-%20Atahmtak.mp3",
      "lyrics": "<p>&nbsp;</p>\n<p style=\"text-align: justify;\">Ini adalah contoh text deskripsi/keterangan/lirik. Silahkan ubah dibagian <strong>audio.json-Data-Lyrics, </strong>bagian ini mendukung String atau format HTML.</p>"
    },
    {
      "id_audio": 24,
      "id_album": 4,
      "title" : "Boaadak Ani",
      "audio_file": "https://github.com/habibMP3/The-Dreamer-of-Arabian/blob/main/Assala%20-%20Boaadak%20Ani.mp3",
      "lyrics": "<p>&nbsp;</p>\n<p style=\"text-align: justify;\">Ini adalah contoh text deskripsi/keterangan/lirik. Silahkan ubah dibagian <strong>audio.json-Data-Lyrics, </strong>bagian ini mendukung String atau format HTML.</p>"
    },
    {
      "id_audio": 25,
      "id_album": 4,
      "title" : "Kan Yhemny",
      "audio_file": "https://github.com/habibMP3/The-Dreamer-of-Arabian/blob/main/Assala%20-%20Kan%20Yhemny.mp3",
      "lyrics": "<p>&nbsp;</p>\n<p style=\"text-align: justify;\">Ini adalah contoh text deskripsi/keterangan/lirik. Silahkan ubah dibagian <strong>audio.json-Data-Lyrics, </strong>bagian ini mendukung String atau format HTML.</p>"
    },
    {
      "id_audio": 26,
      "id_album": 4,
      "title" : "Khanat El Zekrayat",
      "audio_file": "https://github.com/habibMP3/The-Dreamer-of-Arabian/blob/main/Assala%20-%20Khanat%20El%20Zekrayat.mp3",
      "lyrics": "<p>&nbsp;</p>\n<p style=\"text-align: justify;\">Ini adalah contoh text deskripsi/keterangan/lirik. Silahkan ubah dibagian <strong>audio.json-Data-Lyrics, </strong>bagian ini mendukung String atau format HTML.</p>"
    },
    {
      "id_audio": 27,
      "id_album": 4,
      "title" : "Fouq",
      "audio_file": "https://github.com/habibMP3/The-Dreamer-of-Arabian/blob/main/Assala%20Ft%20Muslim%20-%20Fouq.mp3",
      "lyrics": "<p>&nbsp;</p>\n<p style=\"text-align: justify;\">Ini adalah contoh text deskripsi/keterangan/lirik. Silahkan ubah dibagian <strong>audio.json-Data-Lyrics, </strong>bagian ini mendukung String atau format HTML.</p>"
    },
    {
      "id_audio": 28,
      "id_album": 5,
      "title" : "Min Awel Dekika",
      "audio_file": "https://github.com/habibMP3/The-Dreamer-of-Arabian/blob/main/Elissa%20%26%20Saad%20Lamjarred%20-%20Min%20Awel%20Dekika%20(2022)%20(Deer%20Style)%20%C3%98%C2%A7%C3%99%E2%80%9E%C3%99%C5%A0%C3%98%C2%B3%C3%98%C2%A7%20%C3%99%CB%86%C3%98%C2%B3%C3%98%C2%B9%C3%98%C2%AF%20%C3%99%E2%80%9E%C3%99%E2%80%A6%C3%98%C2%AC%C3%98%C2%B1%C3%98%C2%AF%20-%20%C3%99%E2%80%A6%C3%99%E2%80%A0%20%C3%98%C2%A3%C3%99%CB%86%C3%99%E2%80%9E%20%C3%98%C2%AF%C3%99%E2%80%9A%C3%99%C5%A0%C3%99%E2%80%9A%C3%98%C2%A9.mp3",
      "lyrics": "<p>&nbsp;</p>\n<p style=\"text-align: justify;\">Ini adalah contoh text deskripsi/keterangan/lirik. Silahkan ubah dibagian <strong>audio.json-Data-Lyrics, </strong>bagian ini mendukung String atau format HTML.</p>"
    },
    {
      "id_audio": 29,
      "id_album": 5,
      "title" : "Ah Mn Hawak",
      "audio_file": "https://github.com/habibMP3/The-Dreamer-of-Arabian/blob/main/Elissa%20-%20Ah%20Mn%20Hawak%20-%20%C3%98%C2%A7%C3%99%E2%80%9E%C3%99%C5%A0%C3%98%C2%B3%C3%98%C2%A7%20-%20%C3%98%C2%A7%C3%99%E2%80%A1%20%C3%99%E2%80%A6%C3%99%E2%80%A0%20%C3%99%E2%80%A1%C3%99%CB%86%C3%98%C2%A7%C3%99%C6%92.mp3",
      "lyrics": "<p>&nbsp;</p>\n<p style=\"text-align: justify;\">Ini adalah contoh text deskripsi/keterangan/lirik. Silahkan ubah dibagian <strong>audio.json-Data-Lyrics, </strong>bagian ini mendukung String atau format HTML.</p>"
    },
    {
      "id_audio": 30,
      "id_album": 5,
      "title" : "Ana W Bass",
      "audio_file": "https://github.com/habibMP3/The-Dreamer-of-Arabian/blob/main/Elissa%20-%20Ana%20W%20Bass%20(2022)%20%C3%98%C2%A7%C3%99%E2%80%9E%C3%99%C5%A0%C3%98%C2%B3%C3%98%C2%A7%20-%20%C3%98%C2%A7%C3%99%E2%80%9D%C3%99%E2%80%A0%C3%98%C2%A7%20%C3%99%CB%86%C3%98%C2%A8%C3%98%C2%B3.mp3",
      "lyrics": "<p>&nbsp;</p>\n<p style=\"text-align: justify;\">Ini adalah contoh text deskripsi/keterangan/lirik. Silahkan ubah dibagian <strong>audio.json-Data-Lyrics, </strong>bagian ini mendukung String atau format HTML.</p>"
    },
    {
      "id_audio": 31,
      "id_album": 5,
      "title" : "Kelmat Hob",
      "audio_file": "https://github.com/habibMP3/The-Dreamer-of-Arabian/blob/main/Elissa%20-%20Kelmat%20Hob.mp3",
      "lyrics": "<p>&nbsp;</p>\n<p style=\"text-align: justify;\">Ini adalah contoh text deskripsi/keterangan/lirik. Silahkan ubah dibagian <strong>audio.json-Data-Lyrics, </strong>bagian ini mendukung String atau format HTML.</p>"
    },
    {
      "id_audio": 32,
      "id_album": 5,
      "title" : "Meen Alby Ghanait",
      "audio_file": "https://github.com/habibMP3/The-Dreamer-of-Arabian/blob/main/Elissa%20-%20Meen%20Alby%20Ghanait.mp3",
      "lyrics": "<p>&nbsp;</p>\n<p style=\"text-align: justify;\">Ini adalah contoh text deskripsi/keterangan/lirik. Silahkan ubah dibagian <strong>audio.json-Data-Lyrics, </strong>bagian ini mendukung String atau format HTML.</p>"
    },
    {
      "id_audio": 33,
      "id_album": 5,
      "title" : "Inta Eyh",
      "audio_file": "https://github.com/habibMP3/The-Dreamer-of-Arabian/blob/main/Inta%20Eyh%20%5Bft.%20Elyanna%5D.mp3",
      "lyrics": "<p>&nbsp;</p>\n<p style=\"text-align: justify;\">Ini adalah contoh text deskripsi/keterangan/lirik. Silahkan ubah dibagian <strong>audio.json-Data-Lyrics, </strong>bagian ini mendukung String atau format HTML.</p>"
    },
    {
      "id_audio": 34,
      "id_album": 6,
      "title" : "Serri Fe Beli",
      "audio_file": "https://github.com/habibMP3/The-Dreamer-of-Arabian/blob/main/Hamza%20Namira%20-%20Serri%20Fe%20Beli%20-%C3%98_%C3%99%E2%80%A6%C3%98%C2%B2%C3%98%C2%A9%20%C3%99%E2%80%A0%C3%99%E2%80%A6%C3%98%C2%B1%C3%98%C2%A9%20-%20%C3%98%C2%B3%C3%98%C2%B1%C3%99%C5%A0%20%C3%99%20%C3%99%C5%A0%20%C3%98%C2%A8%C3%98%C2%A7%C3%99%E2%80%9E%C3%99%C5%A0%20%C3%98%C2%AA%C3%98%C2%AE%C3%98%C2%A8%C3%99%E2%80%B0.mp3",
      "lyrics": "<p>&nbsp;</p>\n<p style=\"text-align: justify;\">Ini adalah contoh text deskripsi/keterangan/lirik. Silahkan ubah dibagian <strong>audio.json-Data-Lyrics, </strong>bagian ini mendukung String atau format HTML.</p>"
    }
    {
      "id_audio": 35,
      "id_album": 6,
      "title" : "Ya Weld Ammi",
      "audio_file": "https://github.com/habibMP3/The-Dreamer-of-Arabian/blob/main/Hamza%20Namira%20-%20Ya%20Weld%20Ammi%20-%20%C3%98_%C3%99%E2%80%A6%C3%98%C2%B2%C3%98%C2%A9%20%C3%99%E2%80%A0%C3%99%E2%80%A6%C3%98%C2%B1%C3%98%C2%A9%20-%20%C3%99%C5%A0%C3%98%C2%A7%20%C3%99%CB%86%C3%99%E2%80%9E%C3%98%C2%AF%20%C3%98%C2%B9%C3%99%E2%80%A6%C3%99%C5%A0.mp3",
      "lyrics": "<p>&nbsp;</p>\n<p style=\"text-align: justify;\">Ini adalah contoh text deskripsi/keterangan/lirik. Silahkan ubah dibagian <strong>audio.json-Data-Lyrics, </strong>bagian ini mendukung String atau format HTML.</p>"
    }
    {
      "id_audio": 36,
      "id_album": 6,
      "title" : "Hatgan",
      "audio_file": "https://github.com/habibMP3/The-Dreamer-of-Arabian/blob/main/Hamza%20Namira%20Ft%20Thomas%20Benjamin%20Wild%20-%20Hatgan%20%C3%98_%C3%99%E2%80%A6%C3%98%C2%B2%C3%98%C2%A9%20%C3%99%E2%80%A0%C3%99%E2%80%A6%C3%98%C2%B1%C3%98%C2%A9%20-%20%C3%99%E2%80%A1%C3%98%C2%AA%C3%98%C2%AC%C3%99%E2%80%A0%20%C3%99%C5%A0%C3%98%C2%A7%C3%98%C2%B1%C3%99%C5%A0%C3%98%C2%AA%20%C3%99%C5%A0%C3%98%C2%A7%20%C3%98%C2%AE%C3%99%CB%86%C3%98%C2%A7%C3%99%E2%80%A0%C3%99%E2%80%A0%C3%98%C2%A7.mp3",
      "lyrics": "<p>&nbsp;</p>\n<p style=\"text-align: justify;\">Ini adalah contoh text deskripsi/keterangan/lirik. Silahkan ubah dibagian <strong>audio.json-Data-Lyrics, </strong>bagian ini mendukung String atau format HTML.</p>"
    }
    {
      "id_audio": 37,
      "id_album": 6,
      "title" : "Wain ElGhali Master",
      "audio_file": "mp3/neraka.mp3",
      "lyrics": "<p>&nbsp;</p>\n<p style=\"text-align: justify;\">Ini adalah contoh text deskripsi/keterangan/lirik. Silahkan ubah dibagian <strong>audio.json-Data-Lyrics, </strong>bagian ini mendukung String atau format HTML.</p>"
    }
    {
      "id_audio": 38,
      "id_album": 6,
      "title" : "Kavokim",
      "audio_file": "https://github.com/habibMP3/The-Dreamer-of-Arabian/blob/main/Hamza%20Namira%20Kavokim%20-%20%C3%98_%C3%99%E2%80%A6%C3%98%C2%B2%C3%98%C2%A9%20%C3%99%E2%80%A0%C3%99%E2%80%A6%C3%98%C2%B1%C3%98%C2%A9%20%C3%99%C6%92%C3%99%20%C3%99%CB%86%C3%99%C6%92%C3%99%E2%80%A6.mp3",
      "lyrics": "<p>&nbsp;</p>\n<p style=\"text-align: justify;\">Ini adalah contoh text deskripsi/keterangan/lirik. Silahkan ubah dibagian <strong>audio.json-Data-Lyrics, </strong>bagian ini mendukung String atau format HTML.</p>"
    }
    {
      "id_audio": 39,
      "id_album": 6,
      "title" : "Ya Hasra Alik Ya Denia",
      "audio_file": "https://github.com/habibMP3/The-Dreamer-of-Arabian/blob/main/Hamza%20Namira%20ft.%20Amine%20Babylone%20-%20Ya%20Hasra%20Alik%20Ya%20Denia%20-%20%C3%98_%C3%99%E2%80%A6%C3%98%C2%B2%C3%98%C2%A9%20%C3%99%E2%80%A0%C3%99%E2%80%A6%C3%98%C2%B1%C3%98%C2%A9%20-%20%C3%99%C5%A0%C3%98%C2%A7%20%C3%98_%C3%98%C2%B3%C3%98%C2%B1%C3%98%C2%A9%20%C3%98%C2%B9%C3%99%E2%80%9E%C3%99%C5%A0%C3%99%C6%92%C3%99%C5%A0%20%C3%99%C5%A0%C3%98%C2%A7%20%C3%98%C2%AF%C3%99%E2%80%A0%C3%99%C5%A0%C3%98%C2%A7.mp3",
      "lyrics": "<p>&nbsp;</p>\n<p style=\"text-align: justify;\">Ini adalah contoh text deskripsi/keterangan/lirik. Silahkan ubah dibagian <strong>audio.json-Data-Lyrics, </strong>bagian ini mendukung String atau format HTML.</p>"
    }
    {
      "id_audio": 40,
      "id_album": 6,
      "title" : "Before The Dawn",
      "audio_file": "https://github.com/habibMP3/The-Dreamer-of-Arabian/blob/main/Hamza%20Namira%20ft.%20Isam%20B%20-%20Before%20The%20Dawn%20%C3%98_%C3%99%E2%80%A6%C3%98%C2%B2%C3%98%C2%A9%20%C3%99%E2%80%A0%C3%99%E2%80%A6%C3%98%C2%B1%C3%98%C2%A9%20%C3%99%CB%86%C3%98%C2%B9%C3%98%C2%B5%C3%98%C2%A7%C3%99%E2%80%A6%20%C3%98%C2%A8%C3%98%C2%B4%C3%99%C5%A0%C3%98%C2%B1%C3%99%C5%A0%20-%20%C3%99%E2%80%9A%C3%98%C2%A8%C3%99%E2%80%9E%20%C3%98%C2%A7%C3%99%E2%80%9E%C3%99%20%C3%98%C2%AC%C3%98%C2%B1.mp3",
      "lyrics": "<p>&nbsp;</p>\n<p style=\"text-align: justify;\">Ini adalah contoh text deskripsi/keterangan/lirik. Silahkan ubah dibagian <strong>audio.json-Data-Lyrics, </strong>bagian ini mendukung String atau format HTML.</p>"
    }
    {
      "id_audio": 41,
      "id_album": 6,
      "title" : "Saheb ElSaadah",
      "audio_file": "https://github.com/habibMP3/The-Dreamer-of-Arabian/blob/main/HamzaNamira%20Saheb%20ElSaadah%20-%20%C3%98_%C3%99%E2%80%A6%C3%98%C2%B2%C3%98%C2%A9%20%C3%99%E2%80%A0%C3%99%E2%80%A6%C3%98%C2%B1%C3%98%C2%A9%20-%20%C3%98%C2%B5%C3%98%C2%A7%C3%98_%C3%98%C2%A8%20%C3%98%C2%A7%C3%99%E2%80%9E%C3%98%C2%B3%C3%98%C2%B9%C3%98%C2%A7%C3%98%C2%AF%C3%98%C2%A9.mp3",
      "lyrics": "<p>&nbsp;</p>\n<p style=\"text-align: justify;\">Ini adalah contoh text deskripsi/keterangan/lirik. Silahkan ubah dibagian <strong>audio.json-Data-Lyrics, </strong>bagian ini mendukung String atau format HTML.</p>"
    
    }
  ]
}
